-- phpMyAdmin SQL Dump
-- version 5.1.1
-- https://www.phpmyadmin.net/
--
-- Host: 127.0.0.1
-- Generation Time: Nov 11, 2022 at 04:13 AM
-- Server version: 10.4.22-MariaDB
-- PHP Version: 8.1.2

SET SQL_MODE = "NO_AUTO_VALUE_ON_ZERO";
START TRANSACTION;
SET time_zone = "+00:00";


/*!40101 SET @OLD_CHARACTER_SET_CLIENT=@@CHARACTER_SET_CLIENT */;
/*!40101 SET @OLD_CHARACTER_SET_RESULTS=@@CHARACTER_SET_RESULTS */;
/*!40101 SET @OLD_COLLATION_CONNECTION=@@COLLATION_CONNECTION */;
/*!40101 SET NAMES utf8mb4 */;

--
-- Database: `blog`
--

-- --------------------------------------------------------

--
-- Table structure for table `ads`
--

CREATE TABLE `ads` (
  `id` int(11) NOT NULL,
  `owner_name` varchar(255) COLLATE utf8mb4_unicode_ci NOT NULL,
  `photo` text COLLATE utf8mb4_unicode_ci NOT NULL,
  `link` text COLLATE utf8mb4_unicode_ci NOT NULL,
  `start` date NOT NULL,
  `end` date NOT NULL,
  `created_at` timestamp NOT NULL DEFAULT current_timestamp()
) ENGINE=InnoDB DEFAULT CHARSET=utf8mb4 COLLATE=utf8mb4_unicode_ci;

--
-- Dumping data for table `ads`
--

INSERT INTO `ads` (`id`, `owner_name`, `photo`, `link`, `start`, `end`, `created_at`) VALUES
(1, 'Zaw Htut', 'https://channelmyanmar.org/wp-content/uploads/2022/02/vipclub_mm_1.gif', 'https://www.vipclubmm.com/?utm_campaign=VIP+Web+Link&utm_medium=bitly&utm_source=Website', '2022-04-28', '2022-04-29', '2022-04-20 03:48:41'),
(2, 'May Thet Pai', 'https://channelmyanmar.org/wp-content/uploads/2021/05/club388_myanmar_6.gif', 'https://web.facebook.com/club388myanmar?_rdc=1&_rdr', '2022-04-19', '2022-04-28', '2022-04-20 03:49:29');

-- --------------------------------------------------------

--
-- Table structure for table `category`
--

CREATE TABLE `category` (
  `id` int(11) NOT NULL,
  `title` varchar(255) COLLATE utf8mb4_unicode_ci NOT NULL,
  `user_id` int(11) NOT NULL,
  `ordering` int(11) DEFAULT NULL,
  `created_at` timestamp NOT NULL DEFAULT current_timestamp()
) ENGINE=InnoDB DEFAULT CHARSET=utf8mb4 COLLATE=utf8mb4_unicode_ci;

--
-- Dumping data for table `category`
--

INSERT INTO `category` (`id`, `title`, `user_id`, `ordering`, `created_at`) VALUES
(1, 'News', 1, 1, '2022-04-16 12:32:22'),
(2, 'Sports', 1, 0, '2022-04-16 12:32:26'),
(3, 'Movies', 1, 0, '2022-04-16 12:32:31'),
(4, 'Comedy', 2, 0, '2022-04-16 12:33:02'),
(6, 'Books', 2, 0, '2022-04-16 12:55:12'),
(7, 'Economics', 2, 0, '2022-04-16 15:40:04'),
(8, 'Polities', 2, 0, '2022-04-16 15:40:26'),
(9, 'Subjects', 2, NULL, '2022-09-09 04:38:54');

-- --------------------------------------------------------

--
-- Table structure for table `posts`
--

CREATE TABLE `posts` (
  `id` int(11) NOT NULL,
  `title` varchar(255) COLLATE utf8mb4_unicode_ci NOT NULL,
  `description` longtext COLLATE utf8mb4_unicode_ci NOT NULL,
  `user_id` int(11) NOT NULL,
  `category_id` int(11) NOT NULL,
  `is_publish` enum('0','1') COLLATE utf8mb4_unicode_ci NOT NULL DEFAULT '0',
  `ordering` int(11) DEFAULT NULL,
  `created_at` timestamp NOT NULL DEFAULT current_timestamp()
) ENGINE=InnoDB DEFAULT CHARSET=utf8mb4 COLLATE=utf8mb4_unicode_ci;

--
-- Dumping data for table `posts`
--

INSERT INTO `posts` (`id`, `title`, `description`, `user_id`, `category_id`, `is_publish`, `ordering`, `created_at`) VALUES
(1, 'Preparing for Easter with Ukrainians', 'Elon Musk&rsquo;s attempt to buy Twitter will likely fail. He doesn&rsquo;t have the money lined up. The company&rsquo;s board is wary of selling. Its stock hasn&rsquo;t budged despite his premium offer. And he&rsquo;s already discussing Plan B.\r\nAnything can happen with Musk involved, but a failed deal&rsquo;s aftermath could be brutal for Twitter. After growing revenue by 37% last year, the company was off to a promising start in 2022. Now it&rsquo;s in chaos: Its stock is volatile, its employees are rattled, its analysts are bailing, and its leadership looks weak. It will face a long recovery if Musk backs away now.\r\n&ldquo;There&rsquo;s frustration,&rdquo; said a former Twitter executive Thursday. &ldquo;They were having a pretty good year and now there&rsquo;s all this distraction and noise in the system.&rdquo;\r\nTwitter&rsquo;s most immediate issue is its stock volatility. The company&rsquo;s share price shot up 27% when Musk announced he&rsquo;d bought his 9.1% stake. If he walks away now, it could just as quickly plunge. Musk made clear he&rsquo;d be willing to tank the stock if Twitter doesn&rsquo;t play ball, via his SEC filing. &ldquo;If the deal doesn&rsquo;t work,&rdquo; he said, &ldquo;I would need to reconsider my position as a shareholder.&rdquo;\r\nThrough his investment, Musk made Twitter the world&rsquo;s most prominent meme stock. The fundamentals of the company didn&rsquo;t change overnight, but its valuation did &mdash; just like GameStop and AMC. And while those companies&rsquo; share prices are now higher than before their meme stock days, their leaders have struggled to plan without knowing how they&rsquo;d be valued the next day. Twitter could face similar issues.\r\n&ldquo;The CEO and CFO of GameStop left after the whole up and down cycle,&rdquo; Margins analyst Ranjan Roy said on Big Technology Podcast on Thursday. &ldquo;That volatility &mdash; it&rsquo;s not intrinsically a good thing even though your stock is going up.&rdquo;\r\nIf Twitter gets its share price under control, it would then have to figure out how to settle its employees, whose morale is sinking. Over the past two weeks, Musk has wondered aloud about building things Twitter employees were working on, he&rsquo;s insulted their projects, and he&rsquo;s surmised the platform could be dying because people like Justin Bieber don&rsquo;t tweet enough. Musk&rsquo;s push for free speech, meanwhile, thrust Twitter employees directly into the culture war. Many conservatives now see them as power-hungry censors in opposition to the free flow of ideas.', 1, 1, '0', NULL, '2022-04-17 02:56:29'),
(2, 'Russia orders Ukrainian forces in Mariupol to surrender by Sunday morning', 'Russia has demanded Ukrainian forces still fighting to defend the besieged city of Mariupol lay down their weapons. The apparent ultimatum comes as Russia continues its relentless and devastating attack on the southeastern city.\r\n\r\nRussian state media Ria reported that &quot;without exception&quot; all &quot;Ukrainian armed units and foreign mercenaries&quot; must exit from 6:00 a.m. to 1:00 p.m. Moscow time (same as local time) &quot;without any weapons and ammunition,&quot; citing the Russian Defense Ministry.\r\n\r\nAn estimated 100,000 people remain in Mariupol and its immediate surroundings, which are reported to be largely under Russian control, with Ukrainian troops confined to pockets of resistance.\r\n\r\nSome context: Ukrainian President Volodymyr Zekensky late Saturday called the situation in the besieged city of Mariupol &quot;inhuman,&quot; saying the situation remained &quot;as severe as possible.&quot;\r\n\r\n&quot;Russia is deliberately trying to destroy everyone who is there in Mariupol,&quot; he said in his latest video address.', 1, 8, '0', NULL, '2022-04-17 02:57:30'),
(3, 'As violence spikes, the killing of an unarmed Palestinian mother highlights awful toll of occupation', 'Husan, West Bank (CNN)In the well-appointed house in the West Bank village of Husan, members of Ghada Sabateen&#039;s family welcomed a stream of mourners with bleary eyes.\r\n\r\nSabateen, a 47-year-old widow, mother of six and math teacher, died from her wounds after being shot in the legs by Israeli forces near a temporary military checkpoint in the village on Sunday after the Israeli army said she didn&#039;t heed verbal warnings and ran toward them as they fired warning shots in the air. She was unarmed, according to the Israel Defense Forces.\r\nBut Sabateen was mostly blind, her family said. They believe she ran towards the soldiers because she got confused and panicked after the warning shots. Her children, including 14-year-old Jamila, say she was a woman &quot;full of love and kindness&quot; who always tried to stay out of conflict.\r\nHer six children, who range from 11 to 22 years old, looked dumbfounded as they sat in the formal living room of their grandparents&#039; house, their family members speaking through tears.\r\nSimilar scenes of families mourning a loved one lost to this cycle of violence gripping Israel and the West Bank have taken place in Israeli homes, just a few dozen miles away, after 11 civilians and three uniformed security officers were killed in a wave of attacks, including a mass shooting last week at a busy bar in the center of Tel Aviv.', 1, 7, '0', NULL, '2022-04-17 02:58:09'),
(4, 'Am I a Millennial or Gen Z?', 'In late 2019, I started teaching in an Irish high school. At 24, I didn&rsquo;t feel all that different from the 13-year-olds I was mentoring at first, but it soon became clear that we were very different. My references went over their heads &mdash; even to what I thought were current, mainstream films, like Marvel&rsquo;s Iron Man. What threw me most, however, was how different our vocabulary was when it came to using technology.\r\nIf I say, &ldquo;click the floppy disk to save,&rdquo; do you know what symbol I&rsquo;m talking about? These students didn&rsquo;t. I quickly realized that none of these kids had ever seen a hard floppy disk IRL, let alone a floppy floppy disk.\r\nMore recently, my partner \r\nRhys\r\n and I, who were both born in 1995, were talking about generations. It&rsquo;s been popular for a while now to categorize people by when they were born &mdash; boomers, Gen X, millennials, Gen Z &mdash; as a shorthand for a particular kind of experience. Since 1995, there are many ways that we feel like cuspie &ldquo;zennials,&rdquo; having gotten a taste of both experiences.', 1, 3, '0', NULL, '2022-04-01 02:58:41'),
(5, 'Why Playing Pointless Guessing Games Is Good for the Soul', 'North Korea fired two projectiles into waters off the east of the Korean Peninsula Saturday evening, according to the South Korean military, the country&#039;s 12th such test this year.\r\n\r\nImages published Sunday by North Korea state-owned newspaper Rodong Sinmun showed the country&#039;s leader, Kim Jong Un, smiling and clapping as he observed the test-firing of what the newspaper called a &quot;new tactical weapon.&quot;\r\nThe projectiles were fired from North Korea&#039;s Hamhung area around 6 p.m., South Korea&#039;s Joint Chiefs of Staff said in a statement on Sunday. The projectiles flew about 110 kilometers (about 68.3 miles) at an altitude of 25 kilometers (15.5 miles), with a maximum speed of Mach 4.0 or lower, said the statement.\r\nOn Sunday, North Korean state media KCNA reported Kim had observed the test firing of a &quot;new-type tactical guided weapon,&quot; which was &quot;carried out successfully.&quot; KCNA claimed the new weapon boosted the country&#039;s &quot;frontline long-range artillery units.&quot;', 1, 2, '0', NULL, '2022-04-17 02:59:30'),
(6, 'Unaccompanied Ukrainian minors began arriving at the US border two weeks ago, source says', 'In the past two weeks, unaccompanied Ukrainian minors, mostly teenagers, have entered the US through the southern border after leaving their war-torn country, according to a source familiar with the US Health and Human Services&rsquo; Office of Refugee Resettlement (ORR) shelter services.  \r\n\r\nMost of the minors have flown into Mexico and then made their way to the US southern border, according to the source.\r\n\r\nIn some cases, this source says, family members living in the US have met the Ukrainian minors in Mexico, and US immigration authorities have separated the children from their relatives at the border, per government policy.\r\n\r\nUnder US law, if the relative who is with the minor is not their parent or US legal guardian, the minor is classified as unaccompanied.\r\n\r\nHow many are in US care? An Health and Human Services (HHS) spokesperson did not answer CNN&rsquo;s questions about how many Ukrainian children are in US care and where.\r\n\r\nWhile in US government care, unaccompanied children meet with a case manager at least weekly and connect with family at least twice a week, according to HHS.\r\n\r\nThis source says that in the past two weeks, between 20 and 30 unaccompanied Ukrainian minors have entered the US via the southern border. According to the source, based on the data available it&rsquo;s difficult to tell a total tally at any one point in time.\r\n\r\nAccording to the latest data, as of April 14, 2022, nearly 10,000 children are in HHS custody. In fiscal year 2021, most of the unaccompanied migrant children in HHS care were from Central American&rsquo;s northern triangle countries of Guatemala, El Salvador and Honduras.', 2, 4, '0', NULL, '2022-04-17 03:00:49'),
(7, 'Macron vs. Le Pen: The French presidential election runoff explained', 'France&#039;s presidential election will be a rematch of the 2017 contest, when the far right&#039;s Marine Le Pen faced off against political newcomer Emmanuel Macron.\r\nMacron won that race by nearly two votes to one.\r\nBut while the candidates remain the same, the 2022 race is shaping up to be a very different affair.\r\nHere&#039;s everything you need to know.\r\nHow does the election work?\r\nTo elect their new President, French voters head to the polls twice.\r\nThe first vote, on Sunday, saw 12 candidates run against each other. They qualified for the race by securing endorsements from 500 mayors and/or local councilors from across the country.\r\nMacron and Le Pen received the most votes, but since neither won more than 50%, they will head to a runoff on Sunday, April 24.\r\nThis isn&#039;t the only national vote France faces this year -- parliamentary elections are also due to take place in June.', 2, 8, '0', NULL, '2022-04-17 03:01:18'),
(8, 'Queen Elizabeth will not attend Easter Sunday service at Windsor, royal source says', '(CNN)Britain&#039;s Queen Elizabeth II will not join other members of the royal family for an Easter Sunday service at Windsor Castle this year, according to a royal source.\r\n\r\nIt comes just a few days after it was announced that she would not be attending Thursday&#039;s annual Maundy Service -- the first time in more than 50 years.\r\nOther members of the royal family are expected to be in attendance on Sunday.\r\nThe Queen, who is head of the Church of England, has cut back on some public engagements recently.\r\nWhile she is understood to be in good health, she has some mobility problems and has been increasingly delegating public appearances to other senior royals.', 2, 1, '0', NULL, '2022-04-17 03:01:45'),
(9, 'PHP stripslashes() Function', 'The stripslashes() function removes backslashes added by the addslashes() function.\r\n\r\nTip: This function can be used to clean up data retrieved from a database or from an HTML form.', 3, 6, '0', NULL, '2022-04-17 04:24:41'),
(10, 'Liverpool: Have Reds struck blow over Manchester City after FA Cup semi-final win?', 'Liverpool manager Jurgen Klopp ordered his players to be &quot;as annoying as possible&quot; as they chased down Manchester City in the hunt for the silverware that could bring them a historic quadruple.\r\n\r\nKlopp issued his statement when Liverpool made their attempt to play on City&#039;s nerves in a Premier League title race that, at one point, looked to turn into a procession for Pep Guardiola&#039;s reigning champions.\r\n\r\nLiverpool have been as good as their manager&#039;s word and they were certainly able to get under City&#039;s skin, while receiving a turbo-charge in the chase towards history with a 3-2 win in the FA Cup semi-final at Wembley.\r\n\r\nIf this heavyweight sporting duel is reaching such a defining phase that almost every incident is forensically investigated to decipher who holds the psychological advantage, this was certainly a strike to Liverpool.', 3, 2, '0', NULL, '2022-04-17 04:26:04'),
(11, 'Emma Raducanu bathes blisters in surgical spirit as injuries frustrate her', 'If bathing her blistered feet in surgical spirit every day is what it takes, Emma Raducanu will do it as she bids to stop physical issues hampering her tennis.\r\n\r\nThe 19-year-old Briton&#039;s Billie Jean King Cup debut ended in painful fashion on Saturday when she struggled to move throughout a defeat by Marketa Vondrousova in Great Britain&#039;s 3-2 loss to the Czech Republic in a qualifier.\r\n\r\nIt was the latest in a series of niggles that have affected the teenager who is seeking to build on her stunning 2021 US Open victory as she navigates her first full year on the tour.\r\n\r\nRaducanu, who retired with a leg injury from a lengthy opening-round match in Mexico in February and and struggled with a blister on her racquet hand in her Australian Open second-round defeat in January, said the physical issues were frustrating and she was doing everything she could to overcome them.\r\n\r\n&quot;My physio Will is bathing my feet in surgical spirit every day - it&#039;s definitely painful,&quot; Raducanu, who is scheduled to play in Stuttgart next week, told BBC Sport.\r\n\r\n&quot;We did it after the match [on Saturday]. I was literally screaming but you&#039;ve got to do what you&#039;ve got to do and try and get ready for Stuttgart.&quot;\r\n\r\nBritain unable to secure Billie Jean King Cup finals', 3, 7, '0', NULL, '2022-04-17 04:26:26'),
(12, 'Preparing for Easter with Ukrainians', 'Elon Musk&rsquo;s attempt to buy Twitter will likely fail. He doesn&rsquo;t have the money lined up. The company&rsquo;s board is wary of selling. Its stock hasn&rsquo;t budged despite his premium offer. And he&rsquo;s already discussing Plan B.\r\nAnything can happen with Musk involved, but a failed deal&rsquo;s aftermath could be brutal for Twitter. After growing revenue by 37% last year, the company was off to a promising start in 2022. Now it&rsquo;s in chaos: Its stock is volatile, its employees are rattled, its analysts are bailing, and its leadership looks weak. It will face a long recovery if Musk backs away now.\r\n&ldquo;There&rsquo;s frustration,&rdquo; said a former Twitter executive Thursday. &ldquo;They were having a pretty good year and now there&rsquo;s all this distraction and noise in the system.&rdquo;\r\nTwitter&rsquo;s most immediate issue is its stock volatility. The company&rsquo;s share price shot up 27% when Musk announced he&rsquo;d bought his 9.1% stake. If he walks away now, it could just as quickly plunge. Musk made clear he&rsquo;d be willing to tank the stock if Twitter doesn&rsquo;t play ball, via his SEC filing. &ldquo;If the deal doesn&rsquo;t work,&rdquo; he said, &ldquo;I would need to reconsider my position as a shareholder.&rdquo;\r\nThrough his investment, Musk made Twitter the world&rsquo;s most prominent meme stock. The fundamentals of the company didn&rsquo;t change overnight, but its valuation did &mdash; just like GameStop and AMC. And while those companies&rsquo; share prices are now higher than before their meme stock days, their leaders have struggled to plan without knowing how they&rsquo;d be valued the next day. Twitter could face similar issues.\r\n&ldquo;The CEO and CFO of GameStop left after the whole up and down cycle,&rdquo; Margins analyst Ranjan Roy said on Big Technology Podcast on Thursday. &ldquo;That volatility &mdash; it&rsquo;s not intrinsically a good thing even though your stock is going up.&rdquo;\r\nIf Twitter gets its share price under control, it would then have to figure out how to settle its employees, whose morale is sinking. Over the past two weeks, Musk has wondered aloud about building things Twitter employees were working on, he&rsquo;s insulted their projects, and he&rsquo;s surmised the platform could be dying because people like Justin Bieber don&rsquo;t tweet enough. Musk&rsquo;s push for free speech, meanwhile, thrust Twitter employees directly into the culture war. Many conservatives now see them as power-hungry censors in opposition to the free flow of ideas.', 1, 1, '0', NULL, '2022-04-17 02:56:29'),
(13, 'Russia orders Ukrainian forces in Mariupol to surrender by Sunday morning', 'Russia has demanded Ukrainian forces still fighting to defend the besieged city of Mariupol lay down their weapons. The apparent ultimatum comes as Russia continues its relentless and devastating attack on the southeastern city.\r\n\r\nRussian state media Ria reported that &quot;without exception&quot; all &quot;Ukrainian armed units and foreign mercenaries&quot; must exit from 6:00 a.m. to 1:00 p.m. Moscow time (same as local time) &quot;without any weapons and ammunition,&quot; citing the Russian Defense Ministry.\r\n\r\nAn estimated 100,000 people remain in Mariupol and its immediate surroundings, which are reported to be largely under Russian control, with Ukrainian troops confined to pockets of resistance.\r\n\r\nSome context: Ukrainian President Volodymyr Zekensky late Saturday called the situation in the besieged city of Mariupol &quot;inhuman,&quot; saying the situation remained &quot;as severe as possible.&quot;\r\n\r\n&quot;Russia is deliberately trying to destroy everyone who is there in Mariupol,&quot; he said in his latest video address.', 1, 8, '0', NULL, '2022-04-17 02:57:30'),
(14, 'As violence spikes, the killing of an unarmed Palestinian mother highlights awful toll of occupation', 'Husan, West Bank (CNN)In the well-appointed house in the West Bank village of Husan, members of Ghada Sabateen&#039;s family welcomed a stream of mourners with bleary eyes.\r\n\r\nSabateen, a 47-year-old widow, mother of six and math teacher, died from her wounds after being shot in the legs by Israeli forces near a temporary military checkpoint in the village on Sunday after the Israeli army said she didn&#039;t heed verbal warnings and ran toward them as they fired warning shots in the air. She was unarmed, according to the Israel Defense Forces.\r\nBut Sabateen was mostly blind, her family said. They believe she ran towards the soldiers because she got confused and panicked after the warning shots. Her children, including 14-year-old Jamila, say she was a woman &quot;full of love and kindness&quot; who always tried to stay out of conflict.\r\nHer six children, who range from 11 to 22 years old, looked dumbfounded as they sat in the formal living room of their grandparents&#039; house, their family members speaking through tears.\r\nSimilar scenes of families mourning a loved one lost to this cycle of violence gripping Israel and the West Bank have taken place in Israeli homes, just a few dozen miles away, after 11 civilians and three uniformed security officers were killed in a wave of attacks, including a mass shooting last week at a busy bar in the center of Tel Aviv.', 1, 7, '0', NULL, '2022-04-17 02:58:09'),
(15, 'Am I a Millennial or Gen Z?', 'In late 2019, I started teaching in an Irish high school. At 24, I didn&rsquo;t feel all that different from the 13-year-olds I was mentoring at first, but it soon became clear that we were very different. My references went over their heads &mdash; even to what I thought were current, mainstream films, like Marvel&rsquo;s Iron Man. What threw me most, however, was how different our vocabulary was when it came to using technology.\r\nIf I say, &ldquo;click the floppy disk to save,&rdquo; do you know what symbol I&rsquo;m talking about? These students didn&rsquo;t. I quickly realized that none of these kids had ever seen a hard floppy disk IRL, let alone a floppy floppy disk.\r\nMore recently, my partner \r\nRhys\r\n and I, who were both born in 1995, were talking about generations. It&rsquo;s been popular for a while now to categorize people by when they were born &mdash; boomers, Gen X, millennials, Gen Z &mdash; as a shorthand for a particular kind of experience. Since 1995, there are many ways that we feel like cuspie &ldquo;zennials,&rdquo; having gotten a taste of both experiences.', 1, 3, '0', NULL, '2022-04-17 02:58:41'),
(16, 'Why Playing Pointless Guessing Games Is Good for the Soul', 'North Korea fired two projectiles into waters off the east of the Korean Peninsula Saturday evening, according to the South Korean military, the country&#039;s 12th such test this year.\r\n\r\nImages published Sunday by North Korea state-owned newspaper Rodong Sinmun showed the country&#039;s leader, Kim Jong Un, smiling and clapping as he observed the test-firing of what the newspaper called a &quot;new tactical weapon.&quot;\r\nThe projectiles were fired from North Korea&#039;s Hamhung area around 6 p.m., South Korea&#039;s Joint Chiefs of Staff said in a statement on Sunday. The projectiles flew about 110 kilometers (about 68.3 miles) at an altitude of 25 kilometers (15.5 miles), with a maximum speed of Mach 4.0 or lower, said the statement.\r\nOn Sunday, North Korean state media KCNA reported Kim had observed the test firing of a &quot;new-type tactical guided weapon,&quot; which was &quot;carried out successfully.&quot; KCNA claimed the new weapon boosted the country&#039;s &quot;frontline long-range artillery units.&quot;', 1, 2, '0', NULL, '2022-04-17 02:59:30'),
(17, 'Unaccompanied Ukrainian minors began arriving at the US border two weeks ago, source says', 'In the past two weeks, unaccompanied Ukrainian minors, mostly teenagers, have entered the US through the southern border after leaving their war-torn country, according to a source familiar with the US Health and Human Services&rsquo; Office of Refugee Resettlement (ORR) shelter services.  \r\n\r\nMost of the minors have flown into Mexico and then made their way to the US southern border, according to the source.\r\n\r\nIn some cases, this source says, family members living in the US have met the Ukrainian minors in Mexico, and US immigration authorities have separated the children from their relatives at the border, per government policy.\r\n\r\nUnder US law, if the relative who is with the minor is not their parent or US legal guardian, the minor is classified as unaccompanied.\r\n\r\nHow many are in US care? An Health and Human Services (HHS) spokesperson did not answer CNN&rsquo;s questions about how many Ukrainian children are in US care and where.\r\n\r\nWhile in US government care, unaccompanied children meet with a case manager at least weekly and connect with family at least twice a week, according to HHS.\r\n\r\nThis source says that in the past two weeks, between 20 and 30 unaccompanied Ukrainian minors have entered the US via the southern border. According to the source, based on the data available it&rsquo;s difficult to tell a total tally at any one point in time.\r\n\r\nAccording to the latest data, as of April 14, 2022, nearly 10,000 children are in HHS custody. In fiscal year 2021, most of the unaccompanied migrant children in HHS care were from Central American&rsquo;s northern triangle countries of Guatemala, El Salvador and Honduras.', 2, 4, '0', NULL, '2022-04-17 03:00:49'),
(18, 'Macron vs. Le Pen: The French presidential election runoff explained', 'France&#039;s presidential election will be a rematch of the 2017 contest, when the far right&#039;s Marine Le Pen faced off against political newcomer Emmanuel Macron.\r\nMacron won that race by nearly two votes to one.\r\nBut while the candidates remain the same, the 2022 race is shaping up to be a very different affair.\r\nHere&#039;s everything you need to know.\r\nHow does the election work?\r\nTo elect their new President, French voters head to the polls twice.\r\nThe first vote, on Sunday, saw 12 candidates run against each other. They qualified for the race by securing endorsements from 500 mayors and/or local councilors from across the country.\r\nMacron and Le Pen received the most votes, but since neither won more than 50%, they will head to a runoff on Sunday, April 24.\r\nThis isn&#039;t the only national vote France faces this year -- parliamentary elections are also due to take place in June.', 2, 8, '0', NULL, '2022-04-17 03:01:18'),
(19, 'Queen Elizabeth will not attend Easter Sunday service at Windsor, royal source says', '(CNN)Britain&#039;s Queen Elizabeth II will not join other members of the royal family for an Easter Sunday service at Windsor Castle this year, according to a royal source.\r\n\r\nIt comes just a few days after it was announced that she would not be attending Thursday&#039;s annual Maundy Service -- the first time in more than 50 years.\r\nOther members of the royal family are expected to be in attendance on Sunday.\r\nThe Queen, who is head of the Church of England, has cut back on some public engagements recently.\r\nWhile she is understood to be in good health, she has some mobility problems and has been increasingly delegating public appearances to other senior royals.', 2, 1, '0', NULL, '2022-04-17 03:01:45'),
(20, 'PHP stripslashes() Function', 'The stripslashes() function removes backslashes added by the addslashes() function.\r\n\r\nTip: This function can be used to clean up data retrieved from a database or from an HTML form.', 3, 6, '0', NULL, '2022-04-17 04:24:41'),
(21, 'Liverpool: Have Reds struck blow over Manchester City after FA Cup semi-final win?', 'Liverpool manager Jurgen Klopp ordered his players to be &quot;as annoying as possible&quot; as they chased down Manchester City in the hunt for the silverware that could bring them a historic quadruple.\r\n\r\nKlopp issued his statement when Liverpool made their attempt to play on City&#039;s nerves in a Premier League title race that, at one point, looked to turn into a procession for Pep Guardiola&#039;s reigning champions.\r\n\r\nLiverpool have been as good as their manager&#039;s word and they were certainly able to get under City&#039;s skin, while receiving a turbo-charge in the chase towards history with a 3-2 win in the FA Cup semi-final at Wembley.\r\n\r\nIf this heavyweight sporting duel is reaching such a defining phase that almost every incident is forensically investigated to decipher who holds the psychological advantage, this was certainly a strike to Liverpool.', 3, 2, '0', NULL, '2022-04-17 04:26:04'),
(22, 'Emma Raducanu bathes blisters in surgical spirit as injuries frustrate her', 'If bathing her blistered feet in surgical spirit every day is what it takes, Emma Raducanu will do it as she bids to stop physical issues hampering her tennis.\r\n\r\nThe 19-year-old Briton&#039;s Billie Jean King Cup debut ended in painful fashion on Saturday when she struggled to move throughout a defeat by Marketa Vondrousova in Great Britain&#039;s 3-2 loss to the Czech Republic in a qualifier.\r\n\r\nIt was the latest in a series of niggles that have affected the teenager who is seeking to build on her stunning 2021 US Open victory as she navigates her first full year on the tour.\r\n\r\nRaducanu, who retired with a leg injury from a lengthy opening-round match in Mexico in February and and struggled with a blister on her racquet hand in her Australian Open second-round defeat in January, said the physical issues were frustrating and she was doing everything she could to overcome them.\r\n\r\n&quot;My physio Will is bathing my feet in surgical spirit every day - it&#039;s definitely painful,&quot; Raducanu, who is scheduled to play in Stuttgart next week, told BBC Sport.\r\n\r\n&quot;We did it after the match [on Saturday]. I was literally screaming but you&#039;ve got to do what you&#039;ve got to do and try and get ready for Stuttgart.&quot;\r\n\r\nBritain unable to secure Billie Jean King Cup finals', 3, 7, '0', NULL, '2022-04-17 04:26:26'),
(23, 'Preparing for Easter with Ukrainians', 'Elon Musk&rsquo;s attempt to buy Twitter will likely fail. He doesn&rsquo;t have the money lined up. The company&rsquo;s board is wary of selling. Its stock hasn&rsquo;t budged despite his premium offer. And he&rsquo;s already discussing Plan B.\r\nAnything can happen with Musk involved, but a failed deal&rsquo;s aftermath could be brutal for Twitter. After growing revenue by 37% last year, the company was off to a promising start in 2022. Now it&rsquo;s in chaos: Its stock is volatile, its employees are rattled, its analysts are bailing, and its leadership looks weak. It will face a long recovery if Musk backs away now.\r\n&ldquo;There&rsquo;s frustration,&rdquo; said a former Twitter executive Thursday. &ldquo;They were having a pretty good year and now there&rsquo;s all this distraction and noise in the system.&rdquo;\r\nTwitter&rsquo;s most immediate issue is its stock volatility. The company&rsquo;s share price shot up 27% when Musk announced he&rsquo;d bought his 9.1% stake. If he walks away now, it could just as quickly plunge. Musk made clear he&rsquo;d be willing to tank the stock if Twitter doesn&rsquo;t play ball, via his SEC filing. &ldquo;If the deal doesn&rsquo;t work,&rdquo; he said, &ldquo;I would need to reconsider my position as a shareholder.&rdquo;\r\nThrough his investment, Musk made Twitter the world&rsquo;s most prominent meme stock. The fundamentals of the company didn&rsquo;t change overnight, but its valuation did &mdash; just like GameStop and AMC. And while those companies&rsquo; share prices are now higher than before their meme stock days, their leaders have struggled to plan without knowing how they&rsquo;d be valued the next day. Twitter could face similar issues.\r\n&ldquo;The CEO and CFO of GameStop left after the whole up and down cycle,&rdquo; Margins analyst Ranjan Roy said on Big Technology Podcast on Thursday. &ldquo;That volatility &mdash; it&rsquo;s not intrinsically a good thing even though your stock is going up.&rdquo;\r\nIf Twitter gets its share price under control, it would then have to figure out how to settle its employees, whose morale is sinking. Over the past two weeks, Musk has wondered aloud about building things Twitter employees were working on, he&rsquo;s insulted their projects, and he&rsquo;s surmised the platform could be dying because people like Justin Bieber don&rsquo;t tweet enough. Musk&rsquo;s push for free speech, meanwhile, thrust Twitter employees directly into the culture war. Many conservatives now see them as power-hungry censors in opposition to the free flow of ideas.', 1, 1, '0', NULL, '2022-04-17 02:56:29'),
(24, 'Russia orders Ukrainian forces in Mariupol to surrender by Sunday morning', 'Russia has demanded Ukrainian forces still fighting to defend the besieged city of Mariupol lay down their weapons. The apparent ultimatum comes as Russia continues its relentless and devastating attack on the southeastern city.\r\n\r\nRussian state media Ria reported that &quot;without exception&quot; all &quot;Ukrainian armed units and foreign mercenaries&quot; must exit from 6:00 a.m. to 1:00 p.m. Moscow time (same as local time) &quot;without any weapons and ammunition,&quot; citing the Russian Defense Ministry.\r\n\r\nAn estimated 100,000 people remain in Mariupol and its immediate surroundings, which are reported to be largely under Russian control, with Ukrainian troops confined to pockets of resistance.\r\n\r\nSome context: Ukrainian President Volodymyr Zekensky late Saturday called the situation in the besieged city of Mariupol &quot;inhuman,&quot; saying the situation remained &quot;as severe as possible.&quot;\r\n\r\n&quot;Russia is deliberately trying to destroy everyone who is there in Mariupol,&quot; he said in his latest video address.', 1, 8, '0', NULL, '2022-04-17 02:57:30'),
(25, 'As violence spikes, the killing of an unarmed Palestinian mother highlights awful toll of occupation', 'Husan, West Bank (CNN)In the well-appointed house in the West Bank village of Husan, members of Ghada Sabateen&#039;s family welcomed a stream of mourners with bleary eyes.\r\n\r\nSabateen, a 47-year-old widow, mother of six and math teacher, died from her wounds after being shot in the legs by Israeli forces near a temporary military checkpoint in the village on Sunday after the Israeli army said she didn&#039;t heed verbal warnings and ran toward them as they fired warning shots in the air. She was unarmed, according to the Israel Defense Forces.\r\nBut Sabateen was mostly blind, her family said. They believe she ran towards the soldiers because she got confused and panicked after the warning shots. Her children, including 14-year-old Jamila, say she was a woman &quot;full of love and kindness&quot; who always tried to stay out of conflict.\r\nHer six children, who range from 11 to 22 years old, looked dumbfounded as they sat in the formal living room of their grandparents&#039; house, their family members speaking through tears.\r\nSimilar scenes of families mourning a loved one lost to this cycle of violence gripping Israel and the West Bank have taken place in Israeli homes, just a few dozen miles away, after 11 civilians and three uniformed security officers were killed in a wave of attacks, including a mass shooting last week at a busy bar in the center of Tel Aviv.', 1, 7, '0', NULL, '2022-04-17 02:58:09'),
(26, 'Am I a Millennial or Gen Z?', 'In late 2019, I started teaching in an Irish high school. At 24, I didn&rsquo;t feel all that different from the 13-year-olds I was mentoring at first, but it soon became clear that we were very different. My references went over their heads &mdash; even to what I thought were current, mainstream films, like Marvel&rsquo;s Iron Man. What threw me most, however, was how different our vocabulary was when it came to using technology.\r\nIf I say, &ldquo;click the floppy disk to save,&rdquo; do you know what symbol I&rsquo;m talking about? These students didn&rsquo;t. I quickly realized that none of these kids had ever seen a hard floppy disk IRL, let alone a floppy floppy disk.\r\nMore recently, my partner \r\nRhys\r\n and I, who were both born in 1995, were talking about generations. It&rsquo;s been popular for a while now to categorize people by when they were born &mdash; boomers, Gen X, millennials, Gen Z &mdash; as a shorthand for a particular kind of experience. Since 1995, there are many ways that we feel like cuspie &ldquo;zennials,&rdquo; having gotten a taste of both experiences.', 1, 3, '0', NULL, '2022-04-17 02:58:41'),
(27, 'Why Playing Pointless Guessing Games Is Good for the Soul', 'North Korea fired two projectiles into waters off the east of the Korean Peninsula Saturday evening, according to the South Korean military, the country&#039;s 12th such test this year.\r\n\r\nImages published Sunday by North Korea state-owned newspaper Rodong Sinmun showed the country&#039;s leader, Kim Jong Un, smiling and clapping as he observed the test-firing of what the newspaper called a &quot;new tactical weapon.&quot;\r\nThe projectiles were fired from North Korea&#039;s Hamhung area around 6 p.m., South Korea&#039;s Joint Chiefs of Staff said in a statement on Sunday. The projectiles flew about 110 kilometers (about 68.3 miles) at an altitude of 25 kilometers (15.5 miles), with a maximum speed of Mach 4.0 or lower, said the statement.\r\nOn Sunday, North Korean state media KCNA reported Kim had observed the test firing of a &quot;new-type tactical guided weapon,&quot; which was &quot;carried out successfully.&quot; KCNA claimed the new weapon boosted the country&#039;s &quot;frontline long-range artillery units.&quot;', 1, 2, '0', NULL, '2022-04-17 02:59:30'),
(28, 'Unaccompanied Ukrainian minors began arriving at the US border two weeks ago, source says', 'In the past two weeks, unaccompanied Ukrainian minors, mostly teenagers, have entered the US through the southern border after leaving their war-torn country, according to a source familiar with the US Health and Human Services&rsquo; Office of Refugee Resettlement (ORR) shelter services.  \r\n\r\nMost of the minors have flown into Mexico and then made their way to the US southern border, according to the source.\r\n\r\nIn some cases, this source says, family members living in the US have met the Ukrainian minors in Mexico, and US immigration authorities have separated the children from their relatives at the border, per government policy.\r\n\r\nUnder US law, if the relative who is with the minor is not their parent or US legal guardian, the minor is classified as unaccompanied.\r\n\r\nHow many are in US care? An Health and Human Services (HHS) spokesperson did not answer CNN&rsquo;s questions about how many Ukrainian children are in US care and where.\r\n\r\nWhile in US government care, unaccompanied children meet with a case manager at least weekly and connect with family at least twice a week, according to HHS.\r\n\r\nThis source says that in the past two weeks, between 20 and 30 unaccompanied Ukrainian minors have entered the US via the southern border. According to the source, based on the data available it&rsquo;s difficult to tell a total tally at any one point in time.\r\n\r\nAccording to the latest data, as of April 14, 2022, nearly 10,000 children are in HHS custody. In fiscal year 2021, most of the unaccompanied migrant children in HHS care were from Central American&rsquo;s northern triangle countries of Guatemala, El Salvador and Honduras.', 2, 4, '0', NULL, '2022-04-17 03:00:49'),
(29, 'Macron vs. Le Pen: The French presidential election runoff explained', 'France&#039;s presidential election will be a rematch of the 2017 contest, when the far right&#039;s Marine Le Pen faced off against political newcomer Emmanuel Macron.\r\nMacron won that race by nearly two votes to one.\r\nBut while the candidates remain the same, the 2022 race is shaping up to be a very different affair.\r\nHere&#039;s everything you need to know.\r\nHow does the election work?\r\nTo elect their new President, French voters head to the polls twice.\r\nThe first vote, on Sunday, saw 12 candidates run against each other. They qualified for the race by securing endorsements from 500 mayors and/or local councilors from across the country.\r\nMacron and Le Pen received the most votes, but since neither won more than 50%, they will head to a runoff on Sunday, April 24.\r\nThis isn&#039;t the only national vote France faces this year -- parliamentary elections are also due to take place in June.', 2, 8, '0', NULL, '2022-04-17 03:01:18'),
(30, 'Queen Elizabeth will not attend Easter Sunday service at Windsor, royal source says', '(CNN)Britain&#039;s Queen Elizabeth II will not join other members of the royal family for an Easter Sunday service at Windsor Castle this year, according to a royal source.\r\n\r\nIt comes just a few days after it was announced that she would not be attending Thursday&#039;s annual Maundy Service -- the first time in more than 50 years.\r\nOther members of the royal family are expected to be in attendance on Sunday.\r\nThe Queen, who is head of the Church of England, has cut back on some public engagements recently.\r\nWhile she is understood to be in good health, she has some mobility problems and has been increasingly delegating public appearances to other senior royals.', 2, 1, '0', NULL, '2022-04-17 03:01:45'),
(31, 'PHP stripslashes() Function', 'The stripslashes() function removes backslashes added by the addslashes() function.\r\n\r\nTip: This function can be used to clean up data retrieved from a database or from an HTML form.', 3, 6, '0', NULL, '2022-04-17 04:24:41'),
(32, 'Liverpool: Have Reds struck blow over Manchester City after FA Cup semi-final win?', 'Liverpool manager Jurgen Klopp ordered his players to be &quot;as annoying as possible&quot; as they chased down Manchester City in the hunt for the silverware that could bring them a historic quadruple.\r\n\r\nKlopp issued his statement when Liverpool made their attempt to play on City&#039;s nerves in a Premier League title race that, at one point, looked to turn into a procession for Pep Guardiola&#039;s reigning champions.\r\n\r\nLiverpool have been as good as their manager&#039;s word and they were certainly able to get under City&#039;s skin, while receiving a turbo-charge in the chase towards history with a 3-2 win in the FA Cup semi-final at Wembley.\r\n\r\nIf this heavyweight sporting duel is reaching such a defining phase that almost every incident is forensically investigated to decipher who holds the psychological advantage, this was certainly a strike to Liverpool.', 3, 2, '0', NULL, '2022-04-17 04:26:04'),
(33, 'Emma Raducanu bathes blisters in surgical spirit as injuries frustrate her', 'If bathing her blistered feet in surgical spirit every day is what it takes, Emma Raducanu will do it as she bids to stop physical issues hampering her tennis.\r\n\r\nThe 19-year-old Briton&#039;s Billie Jean King Cup debut ended in painful fashion on Saturday when she struggled to move throughout a defeat by Marketa Vondrousova in Great Britain&#039;s 3-2 loss to the Czech Republic in a qualifier.\r\n\r\nIt was the latest in a series of niggles that have affected the teenager who is seeking to build on her stunning 2021 US Open victory as she navigates her first full year on the tour.\r\n\r\nRaducanu, who retired with a leg injury from a lengthy opening-round match in Mexico in February and and struggled with a blister on her racquet hand in her Australian Open second-round defeat in January, said the physical issues were frustrating and she was doing everything she could to overcome them.\r\n\r\n&quot;My physio Will is bathing my feet in surgical spirit every day - it&#039;s definitely painful,&quot; Raducanu, who is scheduled to play in Stuttgart next week, told BBC Sport.\r\n\r\n&quot;We did it after the match [on Saturday]. I was literally screaming but you&#039;ve got to do what you&#039;ve got to do and try and get ready for Stuttgart.&quot;\r\n\r\nBritain unable to secure Billie Jean King Cup finals', 3, 7, '0', NULL, '2022-04-17 04:26:26'),
(34, 'Preparing for Easter with Ukrainians', 'Elon Musk&rsquo;s attempt to buy Twitter will likely fail. He doesn&rsquo;t have the money lined up. The company&rsquo;s board is wary of selling. Its stock hasn&rsquo;t budged despite his premium offer. And he&rsquo;s already discussing Plan B.\r\nAnything can happen with Musk involved, but a failed deal&rsquo;s aftermath could be brutal for Twitter. After growing revenue by 37% last year, the company was off to a promising start in 2022. Now it&rsquo;s in chaos: Its stock is volatile, its employees are rattled, its analysts are bailing, and its leadership looks weak. It will face a long recovery if Musk backs away now.\r\n&ldquo;There&rsquo;s frustration,&rdquo; said a former Twitter executive Thursday. &ldquo;They were having a pretty good year and now there&rsquo;s all this distraction and noise in the system.&rdquo;\r\nTwitter&rsquo;s most immediate issue is its stock volatility. The company&rsquo;s share price shot up 27% when Musk announced he&rsquo;d bought his 9.1% stake. If he walks away now, it could just as quickly plunge. Musk made clear he&rsquo;d be willing to tank the stock if Twitter doesn&rsquo;t play ball, via his SEC filing. &ldquo;If the deal doesn&rsquo;t work,&rdquo; he said, &ldquo;I would need to reconsider my position as a shareholder.&rdquo;\r\nThrough his investment, Musk made Twitter the world&rsquo;s most prominent meme stock. The fundamentals of the company didn&rsquo;t change overnight, but its valuation did &mdash; just like GameStop and AMC. And while those companies&rsquo; share prices are now higher than before their meme stock days, their leaders have struggled to plan without knowing how they&rsquo;d be valued the next day. Twitter could face similar issues.\r\n&ldquo;The CEO and CFO of GameStop left after the whole up and down cycle,&rdquo; Margins analyst Ranjan Roy said on Big Technology Podcast on Thursday. &ldquo;That volatility &mdash; it&rsquo;s not intrinsically a good thing even though your stock is going up.&rdquo;\r\nIf Twitter gets its share price under control, it would then have to figure out how to settle its employees, whose morale is sinking. Over the past two weeks, Musk has wondered aloud about building things Twitter employees were working on, he&rsquo;s insulted their projects, and he&rsquo;s surmised the platform could be dying because people like Justin Bieber don&rsquo;t tweet enough. Musk&rsquo;s push for free speech, meanwhile, thrust Twitter employees directly into the culture war. Many conservatives now see them as power-hungry censors in opposition to the free flow of ideas.', 1, 1, '0', NULL, '2022-04-17 02:56:29'),
(35, 'Russia orders Ukrainian forces in Mariupol to surrender by Sunday morning', 'Russia has demanded Ukrainian forces still fighting to defend the besieged city of Mariupol lay down their weapons. The apparent ultimatum comes as Russia continues its relentless and devastating attack on the southeastern city.\r\n\r\nRussian state media Ria reported that &quot;without exception&quot; all &quot;Ukrainian armed units and foreign mercenaries&quot; must exit from 6:00 a.m. to 1:00 p.m. Moscow time (same as local time) &quot;without any weapons and ammunition,&quot; citing the Russian Defense Ministry.\r\n\r\nAn estimated 100,000 people remain in Mariupol and its immediate surroundings, which are reported to be largely under Russian control, with Ukrainian troops confined to pockets of resistance.\r\n\r\nSome context: Ukrainian President Volodymyr Zekensky late Saturday called the situation in the besieged city of Mariupol &quot;inhuman,&quot; saying the situation remained &quot;as severe as possible.&quot;\r\n\r\n&quot;Russia is deliberately trying to destroy everyone who is there in Mariupol,&quot; he said in his latest video address.', 1, 8, '0', NULL, '2022-04-17 02:57:30'),
(36, 'As violence spikes, the killing of an unarmed Palestinian mother highlights awful toll of occupation', 'Husan, West Bank (CNN)In the well-appointed house in the West Bank village of Husan, members of Ghada Sabateen&#039;s family welcomed a stream of mourners with bleary eyes.\r\n\r\nSabateen, a 47-year-old widow, mother of six and math teacher, died from her wounds after being shot in the legs by Israeli forces near a temporary military checkpoint in the village on Sunday after the Israeli army said she didn&#039;t heed verbal warnings and ran toward them as they fired warning shots in the air. She was unarmed, according to the Israel Defense Forces.\r\nBut Sabateen was mostly blind, her family said. They believe she ran towards the soldiers because she got confused and panicked after the warning shots. Her children, including 14-year-old Jamila, say she was a woman &quot;full of love and kindness&quot; who always tried to stay out of conflict.\r\nHer six children, who range from 11 to 22 years old, looked dumbfounded as they sat in the formal living room of their grandparents&#039; house, their family members speaking through tears.\r\nSimilar scenes of families mourning a loved one lost to this cycle of violence gripping Israel and the West Bank have taken place in Israeli homes, just a few dozen miles away, after 11 civilians and three uniformed security officers were killed in a wave of attacks, including a mass shooting last week at a busy bar in the center of Tel Aviv.', 1, 7, '0', NULL, '2022-04-17 02:58:09'),
(37, 'Am I a Millennial or Gen Z?', 'In late 2019, I started teaching in an Irish high school. At 24, I didn&rsquo;t feel all that different from the 13-year-olds I was mentoring at first, but it soon became clear that we were very different. My references went over their heads &mdash; even to what I thought were current, mainstream films, like Marvel&rsquo;s Iron Man. What threw me most, however, was how different our vocabulary was when it came to using technology.\r\nIf I say, &ldquo;click the floppy disk to save,&rdquo; do you know what symbol I&rsquo;m talking about? These students didn&rsquo;t. I quickly realized that none of these kids had ever seen a hard floppy disk IRL, let alone a floppy floppy disk.\r\nMore recently, my partner \r\nRhys\r\n and I, who were both born in 1995, were talking about generations. It&rsquo;s been popular for a while now to categorize people by when they were born &mdash; boomers, Gen X, millennials, Gen Z &mdash; as a shorthand for a particular kind of experience. Since 1995, there are many ways that we feel like cuspie &ldquo;zennials,&rdquo; having gotten a taste of both experiences.', 1, 3, '0', NULL, '2022-04-17 02:58:41');
INSERT INTO `posts` (`id`, `title`, `description`, `user_id`, `category_id`, `is_publish`, `ordering`, `created_at`) VALUES
(38, 'Why Playing Pointless Guessing Games Is Good for the Soul', 'North Korea fired two projectiles into waters off the east of the Korean Peninsula Saturday evening, according to the South Korean military, the country&#039;s 12th such test this year.\r\n\r\nImages published Sunday by North Korea state-owned newspaper Rodong Sinmun showed the country&#039;s leader, Kim Jong Un, smiling and clapping as he observed the test-firing of what the newspaper called a &quot;new tactical weapon.&quot;\r\nThe projectiles were fired from North Korea&#039;s Hamhung area around 6 p.m., South Korea&#039;s Joint Chiefs of Staff said in a statement on Sunday. The projectiles flew about 110 kilometers (about 68.3 miles) at an altitude of 25 kilometers (15.5 miles), with a maximum speed of Mach 4.0 or lower, said the statement.\r\nOn Sunday, North Korean state media KCNA reported Kim had observed the test firing of a &quot;new-type tactical guided weapon,&quot; which was &quot;carried out successfully.&quot; KCNA claimed the new weapon boosted the country&#039;s &quot;frontline long-range artillery units.&quot;', 1, 2, '0', NULL, '2022-04-17 02:59:30'),
(39, 'Unaccompanied Ukrainian minors began arriving at the US border two weeks ago, source says', 'In the past two weeks, unaccompanied Ukrainian minors, mostly teenagers, have entered the US through the southern border after leaving their war-torn country, according to a source familiar with the US Health and Human Services&rsquo; Office of Refugee Resettlement (ORR) shelter services.  \r\n\r\nMost of the minors have flown into Mexico and then made their way to the US southern border, according to the source.\r\n\r\nIn some cases, this source says, family members living in the US have met the Ukrainian minors in Mexico, and US immigration authorities have separated the children from their relatives at the border, per government policy.\r\n\r\nUnder US law, if the relative who is with the minor is not their parent or US legal guardian, the minor is classified as unaccompanied.\r\n\r\nHow many are in US care? An Health and Human Services (HHS) spokesperson did not answer CNN&rsquo;s questions about how many Ukrainian children are in US care and where.\r\n\r\nWhile in US government care, unaccompanied children meet with a case manager at least weekly and connect with family at least twice a week, according to HHS.\r\n\r\nThis source says that in the past two weeks, between 20 and 30 unaccompanied Ukrainian minors have entered the US via the southern border. According to the source, based on the data available it&rsquo;s difficult to tell a total tally at any one point in time.\r\n\r\nAccording to the latest data, as of April 14, 2022, nearly 10,000 children are in HHS custody. In fiscal year 2021, most of the unaccompanied migrant children in HHS care were from Central American&rsquo;s northern triangle countries of Guatemala, El Salvador and Honduras.', 2, 4, '0', NULL, '2022-04-17 03:00:49'),
(40, 'Macron vs. Le Pen: The French presidential election runoff explained', 'France&#039;s presidential election will be a rematch of the 2017 contest, when the far right&#039;s Marine Le Pen faced off against political newcomer Emmanuel Macron.\r\nMacron won that race by nearly two votes to one.\r\nBut while the candidates remain the same, the 2022 race is shaping up to be a very different affair.\r\nHere&#039;s everything you need to know.\r\nHow does the election work?\r\nTo elect their new President, French voters head to the polls twice.\r\nThe first vote, on Sunday, saw 12 candidates run against each other. They qualified for the race by securing endorsements from 500 mayors and/or local councilors from across the country.\r\nMacron and Le Pen received the most votes, but since neither won more than 50%, they will head to a runoff on Sunday, April 24.\r\nThis isn&#039;t the only national vote France faces this year -- parliamentary elections are also due to take place in June.', 2, 8, '0', NULL, '2022-04-17 03:01:18'),
(41, 'Queen Elizabeth will not attend Easter Sunday service at Windsor, royal source says', '(CNN)Britain&#039;s Queen Elizabeth II will not join other members of the royal family for an Easter Sunday service at Windsor Castle this year, according to a royal source.\r\n\r\nIt comes just a few days after it was announced that she would not be attending Thursday&#039;s annual Maundy Service -- the first time in more than 50 years.\r\nOther members of the royal family are expected to be in attendance on Sunday.\r\nThe Queen, who is head of the Church of England, has cut back on some public engagements recently.\r\nWhile she is understood to be in good health, she has some mobility problems and has been increasingly delegating public appearances to other senior royals.', 2, 1, '0', NULL, '2022-04-17 03:01:45'),
(42, 'PHP stripslashes() Function', 'The stripslashes() function removes backslashes added by the addslashes() function.\r\n\r\nTip: This function can be used to clean up data retrieved from a database or from an HTML form.', 3, 6, '0', NULL, '2022-04-17 04:24:41'),
(43, 'Liverpool: Have Reds struck blow over Manchester City after FA Cup semi-final win?', 'Liverpool manager Jurgen Klopp ordered his players to be &quot;as annoying as possible&quot; as they chased down Manchester City in the hunt for the silverware that could bring them a historic quadruple.\r\n\r\nKlopp issued his statement when Liverpool made their attempt to play on City&#039;s nerves in a Premier League title race that, at one point, looked to turn into a procession for Pep Guardiola&#039;s reigning champions.\r\n\r\nLiverpool have been as good as their manager&#039;s word and they were certainly able to get under City&#039;s skin, while receiving a turbo-charge in the chase towards history with a 3-2 win in the FA Cup semi-final at Wembley.\r\n\r\nIf this heavyweight sporting duel is reaching such a defining phase that almost every incident is forensically investigated to decipher who holds the psychological advantage, this was certainly a strike to Liverpool.', 3, 2, '0', NULL, '2022-04-17 04:26:04'),
(44, 'Emma Raducanu bathes blisters in surgical spirit as injuries frustrate her', 'If bathing her blistered feet in surgical spirit every day is what it takes, Emma Raducanu will do it as she bids to stop physical issues hampering her tennis.\r\n\r\nThe 19-year-old Briton&#039;s Billie Jean King Cup debut ended in painful fashion on Saturday when she struggled to move throughout a defeat by Marketa Vondrousova in Great Britain&#039;s 3-2 loss to the Czech Republic in a qualifier.\r\n\r\nIt was the latest in a series of niggles that have affected the teenager who is seeking to build on her stunning 2021 US Open victory as she navigates her first full year on the tour.\r\n\r\nRaducanu, who retired with a leg injury from a lengthy opening-round match in Mexico in February and and struggled with a blister on her racquet hand in her Australian Open second-round defeat in January, said the physical issues were frustrating and she was doing everything she could to overcome them.\r\n\r\n&quot;My physio Will is bathing my feet in surgical spirit every day - it&#039;s definitely painful,&quot; Raducanu, who is scheduled to play in Stuttgart next week, told BBC Sport.\r\n\r\n&quot;We did it after the match [on Saturday]. I was literally screaming but you&#039;ve got to do what you&#039;ve got to do and try and get ready for Stuttgart.&quot;\r\n\r\nBritain unable to secure Billie Jean King Cup finals', 3, 7, '0', NULL, '2022-04-17 04:26:26'),
(45, 'Default ordering (sorting)', 'The order parameter is an array of arrays where the first value of the inner array is the column to order on, and the second is &#039;asc&#039; (ascending ordering) or &#039;desc&#039; (descending ordering) as required. order is a 2D array to allow multi-column ordering to be defined.\r\n\r\nThe table below is ordered (descending) by the Age column.', 2, 6, '0', NULL, '2022-04-17 04:50:28'),
(46, 'Testing', '&lt;p&gt;&lt;b&gt;Hello World&lt;/b&gt;&lt;/p&gt;&lt;p&gt;&lt;u&gt;This is my testing&lt;/u&gt;&lt;/p&gt;', 2, 1, '0', NULL, '2022-04-17 12:22:43'),
(48, 'Blah Blah', '&lt;p&gt;This is &lt;b&gt;Blah&lt;/b&gt; &lt;u&gt;lesson&lt;/u&gt;.&lt;/p&gt;', 2, 6, '0', NULL, '2022-04-17 12:36:16'),
(50, ' ', '&lt;p&gt;&lt;img src=&quot;data:image/gif;base64,R0lGODlhAQABAIAAAAAAAP///yH5BAEAAAAALAAAAAABAAEAAAIBRAA7&quot; style=&quot;width: 1px;&quot; data-filename=&quot;test.gif&quot;&gt;&lt;img src=&quot;https://ichef.bbci.co.uk/live-experience/cps/624/cpsprodpb/vivo/live/images/2022/4/17/9793362e-ea09-471e-b35a-59872bc89652.jpg&quot; style=&quot;width: 100%;&quot;&gt;&lt;/p&gt;&lt;p data-reactid=&quot;.tcj1c5vx70.0.2.0.0.1.0.1.0.$lx-tabs0.0.$lx-commentary.$lx-commentary.2.0.1.1.1:$post-625bec6f77811a20d37c8c82.0.6.0.0:$post_1&quot; style=&quot;margin-right: 0px; margin-bottom: 16px; margin-left: 0px; padding: 0px;&quot;&gt;   (BGF)      (KNU)   ()  &lt;/p&gt;&lt;p data-reactid=&quot;.tcj1c5vx70.0.2.0.0.1.0.1.0.$lx-tabs0.0.$lx-commentary.$lx-commentary.2.0.1.1.1:$post-625bec6f77811a20d37c8c82.0.6.0.0:$post_2&quot; style=&quot;margin-right: 0px; margin-bottom: 16px; margin-left: 0px; padding: 0px;&quot;&gt; BGF    KNU               KNLA         ( )  &lt;/p&gt;&lt;p data-reactid=&quot;.tcj1c5vx70.0.2.0.0.1.0.1.0.$lx-tabs0.0.$lx-commentary.$lx-commentary.2.0.1.1.1:$post-625bec6f77811a20d37c8c82.0.6.0.0:$post_2&quot; style=&quot;margin-right: 0px; margin-bottom: 16px; margin-left: 0px; padding: 0px; color: rgb(192, 186, 178); font-family: Padauk, Arial, Verdana, Geneva, Helvetica, sans-serif; font-size: 18px; --darkreader-inline-color:#bcb6ad;&quot; data-darkreader-inline-color=&quot;&quot;&gt;&lt;img src=&quot;https://ichef.bbci.co.uk/live-experience/cps/624/cpsprodpb/vivo/live/images/2022/4/17/d9ea6e1b-aa8f-4cdf-a1b1-a7dd5caf8f22.jpg&quot; style=&quot;width: 100%;&quot;&gt;&lt;/p&gt;&lt;p data-reactid=&quot;.tcj1c5vx70.0.2.0.0.1.0.1.0.$lx-tabs0.0.$lx-commentary.$lx-commentary.2.0.1.1.1:$post-625be6aeb1e16c43aefe678f.0.6.0.0:$post_4&quot; style=&quot;margin-right: 0px; margin-bottom: 16px; margin-left: 0px; padding: 0px;&quot;&gt;          &lt;/p&gt;&lt;p data-reactid=&quot;.tcj1c5vx70.0.2.0.0.1.0.1.0.$lx-tabs0.0.$lx-commentary.$lx-commentary.2.0.1.1.1:$post-625be6aeb1e16c43aefe678f.0.6.0.0:$post_5&quot; style=&quot;margin-right: 0px; margin-bottom: 16px; margin-left: 0px; padding: 0px;&quot;&gt;      &lt;/p&gt;', 2, 8, '0', NULL, '2022-04-17 13:50:43'),
(52, 'Today is a good day....', '<p>Long time no see</p><p><b><u>Everything is changing.....</u></b></p>', 5, 4, '0', NULL, '2022-09-01 04:22:11'),
(53, 'Hello Dude', '<p><b><u>Bl lo ll nay kg lr? xD:)</u></b></p>', 5, 4, '0', NULL, '2022-09-08 12:19:09'),
(54, 'Hello Sir', '&lt;p&gt;&lt;b&gt;&lt;u&gt;asdfajslkj alskjfdlk; ajsd;fljasljkf asdf asf&lt;/u&gt;&lt;/b&gt;&lt;/p&gt;', 2, 6, '0', NULL, '2022-09-09 04:37:46');

-- --------------------------------------------------------

--
-- Table structure for table `transition`
--

CREATE TABLE `transition` (
  `id` int(11) NOT NULL,
  `from_user` int(11) NOT NULL,
  `to_user` int(11) NOT NULL,
  `amount` double NOT NULL,
  `description` text COLLATE utf8mb4_unicode_ci NOT NULL,
  `created_at` timestamp NULL DEFAULT current_timestamp()
) ENGINE=InnoDB DEFAULT CHARSET=utf8mb4 COLLATE=utf8mb4_unicode_ci;

--
-- Dumping data for table `transition`
--

INSERT INTO `transition` (`id`, `from_user`, `to_user`, `amount`, `description`, `created_at`) VALUES
(1, 2, 1, 100, 'Testing', '2022-04-21 03:42:04'),
(2, 2, 3, 100, 'Success', '2022-04-13 03:42:15'),
(3, 2, 1, 100, 'For Ads', '2022-04-19 03:42:48'),
(4, 3, 1, 150, 'Chilling', '2022-04-18 03:44:10'),
(5, 1, 3, 100, 'Repay', '2022-04-21 03:44:55'),
(6, 2, 1, 100, 'Testing', '2022-04-15 03:42:04'),
(7, 2, 3, 100, 'Success', '2022-04-12 03:42:15'),
(8, 2, 1, 100, 'For Ads', '2022-04-19 03:42:48'),
(9, 3, 1, 150, 'Chilling', '2022-04-21 03:44:10'),
(10, 1, 3, 100, 'Repay', '2022-04-12 03:44:55');

-- --------------------------------------------------------

--
-- Table structure for table `users`
--

CREATE TABLE `users` (
  `id` int(11) NOT NULL,
  `name` varchar(255) COLLATE utf8mb4_unicode_ci NOT NULL,
  `email` varchar(255) COLLATE utf8mb4_unicode_ci NOT NULL,
  `password` varchar(255) COLLATE utf8mb4_unicode_ci NOT NULL,
  `role` enum('0','1','2') COLLATE utf8mb4_unicode_ci NOT NULL DEFAULT '2',
  `photo` varchar(255) COLLATE utf8mb4_unicode_ci NOT NULL DEFAULT '''default.png''',
  `money` bigint(20) NOT NULL DEFAULT 0,
  `created_at` timestamp NOT NULL DEFAULT current_timestamp()
) ENGINE=InnoDB DEFAULT CHARSET=utf8mb4 COLLATE=utf8mb4_unicode_ci;

--
-- Dumping data for table `users`
--

INSERT INTO `users` (`id`, `name`, `email`, `password`, `role`, `photo`, `money`, `created_at`) VALUES
(1, 'Zaw Htut ', 'zawhtut0010zha@gmail.com', '$2y$10$79gFRB9U7yKhqMy271Mw9.w61LT2/IjRXu/AAF9w7Rc0H2.INCd1S', '1', 'default.png', 5250, '2022-04-21 03:35:05'),
(2, 'Admin', 'admin@gmail.com', '$2y$10$yfX5qrJF5crkrtFL5KOvNeKw3aBJshehAmkZSGI6.X6fwWEhuliD.', '0', 'default.png', 64700, '2022-04-21 03:35:33'),
(3, 'Aung Sitt Khaing', 'aungsitt@gmail.com', '$2y$10$IWBhlQwpnI8PA5jYAMbnOuwJzC//mcNfdQBBETvUs/e4HSimzoyJG', '2', 'default.png', 1850, '2022-04-21 03:36:10'),
(4, 'Zaw Htut Aung', 'zawhtut0010zha@gmail.com', '$2y$10$YLDgkqjhwgihIxrVRat8ieV6kKBS5mzAOt1EjWHeI6NdrFfznIwDm', '2', '\'default.png\'', 0, '2022-09-01 04:20:06'),
(5, 'May Thet Pai', 'maythet@gmail.com', '$2y$10$8YUhLahY3.y6IMtuUiYpH.9tCzBi2lTdzKIdXHG8jRllHGTJ0cCC.', '2', '\'default.png\'', 0, '2022-09-01 04:20:54'),
(6, 'Zaw Htut Aung', 'zawhtut0010zha@gmail.com', '$2y$10$L7uPuA0Diul266QD/o/ZZunvQKYNaZhI8sWlbevBS1sJEh7EFs8de', '2', '\'default.png\'', 0, '2022-09-08 11:46:36'),
(7, 'zaw htut', 'zawhtut0010zha@gmail.com', '$2y$10$jjxqPd6.Tw7jlfcfu8nTLevYaOM2S9xftaetN1bBaPXMHBLj..hn.', '2', '\'default.png\'', 0, '2022-09-08 11:47:09'),
(8, 'Messi', 'messi@gmail.com', '$2y$10$hZCfIhBN5vodsX9jHh6Mv.zS4T1rz9n1bTBfJ/BqN9BGshHZYHoKq', '2', '\'default.png\'', 0, '2022-11-11 03:11:00');

-- --------------------------------------------------------

--
-- Table structure for table `viewers`
--

CREATE TABLE `viewers` (
  `id` int(11) NOT NULL,
  `user_id` int(11) NOT NULL,
  `post_id` int(11) NOT NULL,
  `device` varchar(255) COLLATE utf8mb4_unicode_ci NOT NULL,
  `created_at` timestamp NOT NULL DEFAULT current_timestamp()
) ENGINE=InnoDB DEFAULT CHARSET=utf8mb4 COLLATE=utf8mb4_unicode_ci;

--
-- Dumping data for table `viewers`
--

INSERT INTO `viewers` (`id`, `user_id`, `post_id`, `device`, `created_at`) VALUES
(1, 1, 48, 'Mozilla/5.0 (Windows NT 10.0; Win64; x64) AppleWebKit/537.36 (KHTML, like Gecko) Chrome/100.0.4896.88 Safari/537.36', '2022-04-13 12:46:28'),
(2, 1, 45, 'Mozilla/5.0 (Windows NT 10.0; Win64; x64) AppleWebKit/537.36 (KHTML, like Gecko) Chrome/100.0.4896.88 Safari/537.36', '2022-04-15 12:46:32'),
(3, 1, 42, 'Mozilla/5.0 (Windows NT 10.0; Win64; x64) AppleWebKit/537.36 (KHTML, like Gecko) Chrome/100.0.4896.88 Safari/537.36', '2022-04-17 12:46:34'),
(4, 0, 42, 'Mozilla/5.0 (Windows NT 10.0; Win64; x64) AppleWebKit/537.36 (KHTML, like Gecko) Chrome/99.0.4844.74 Safari/537.36 Edg/99.0.1150.46', '2022-04-18 12:46:51'),
(5, 2, 50, 'Mozilla/5.0 (Windows NT 10.0; Win64; x64) AppleWebKit/537.36 (KHTML, like Gecko) Chrome/100.0.4896.88 Safari/537.36', '2022-04-19 13:26:10'),
(6, 2, 35, 'Mozilla/5.0 (Windows NT 10.0; Win64; x64) AppleWebKit/537.36 (KHTML, like Gecko) Chrome/100.0.4896.88 Safari/537.36', '2022-04-16 13:26:13'),
(7, 2, 50, 'Mozilla/5.0 (Windows NT 10.0; Win64; x64) AppleWebKit/537.36 (KHTML, like Gecko) Chrome/100.0.4896.88 Safari/537.36', '2022-04-20 13:26:18'),
(8, 0, 50, 'Mozilla/5.0 (Windows NT 10.0; Win64; x64) AppleWebKit/537.36 (KHTML, like Gecko) Chrome/100.0.4896.88 Safari/537.36', '2022-04-19 13:26:32'),
(9, 0, 40, 'Mozilla/5.0 (Windows NT 10.0; Win64; x64) AppleWebKit/537.36 (KHTML, like Gecko) Chrome/100.0.4896.88 Safari/537.36', '2022-04-18 13:26:35'),
(10, 0, 35, 'Mozilla/5.0 (Windows NT 10.0; Win64; x64) AppleWebKit/537.36 (KHTML, like Gecko) Chrome/100.0.4896.88 Safari/537.36', '2022-04-17 13:26:37'),
(11, 2, 50, 'Mozilla/5.0 (Windows NT 10.0; Win64; x64) AppleWebKit/537.36 (KHTML, like Gecko) Chrome/100.0.4896.88 Safari/537.36', '2022-04-20 03:51:46'),
(12, 2, 48, 'Mozilla/5.0 (Windows NT 10.0; Win64; x64) AppleWebKit/537.36 (KHTML, like Gecko) Chrome/100.0.4896.127 Safari/537.36', '2022-04-21 08:19:37'),
(13, 2, 45, 'Mozilla/5.0 (Windows NT 10.0; Win64; x64) AppleWebKit/537.36 (KHTML, like Gecko) Chrome/100.0.4896.127 Safari/537.36', '2022-04-15 08:19:40'),
(14, 2, 48, 'Mozilla/5.0 (Windows NT 10.0; Win64; x64) AppleWebKit/537.36 (KHTML, like Gecko) Chrome/100.0.4896.127 Safari/537.36', '2022-04-21 08:19:43'),
(15, 2, 42, 'Mozilla/5.0 (Windows NT 10.0; Win64; x64) AppleWebKit/537.36 (KHTML, like Gecko) Chrome/100.0.4896.127 Safari/537.36', '2022-04-21 08:19:48'),
(16, 2, 44, 'Mozilla/5.0 (Windows NT 10.0; Win64; x64) AppleWebKit/537.36 (KHTML, like Gecko) Chrome/100.0.4896.127 Safari/537.36', '2022-04-18 08:19:53'),
(17, 2, 44, 'Mozilla/5.0 (Windows NT 10.0; Win64; x64) AppleWebKit/537.36 (KHTML, like Gecko) Chrome/100.0.4896.127 Safari/537.36', '2022-04-21 08:19:57'),
(18, 2, 37, 'Mozilla/5.0 (Windows NT 10.0; Win64; x64) AppleWebKit/537.36 (KHTML, like Gecko) Chrome/100.0.4896.127 Safari/537.36', '2022-04-15 08:20:03'),
(19, 2, 22, 'Mozilla/5.0 (Windows NT 10.0; Win64; x64) AppleWebKit/537.36 (KHTML, like Gecko) Chrome/100.0.4896.127 Safari/537.36', '2022-04-15 08:20:10'),
(20, 1, 48, 'Mozilla/5.0 (Windows NT 10.0; Win64; x64) AppleWebKit/537.36 (KHTML, like Gecko) Chrome/100.0.4896.88 Safari/537.36', '2022-04-13 12:46:28'),
(21, 1, 45, 'Mozilla/5.0 (Windows NT 10.0; Win64; x64) AppleWebKit/537.36 (KHTML, like Gecko) Chrome/100.0.4896.88 Safari/537.36', '2022-04-15 12:46:32'),
(22, 1, 42, 'Mozilla/5.0 (Windows NT 10.0; Win64; x64) AppleWebKit/537.36 (KHTML, like Gecko) Chrome/100.0.4896.88 Safari/537.36', '2022-04-17 12:46:34'),
(23, 0, 42, 'Mozilla/5.0 (Windows NT 10.0; Win64; x64) AppleWebKit/537.36 (KHTML, like Gecko) Chrome/99.0.4844.74 Safari/537.36 Edg/99.0.1150.46', '2022-04-18 12:46:51'),
(24, 2, 50, 'Mozilla/5.0 (Windows NT 10.0; Win64; x64) AppleWebKit/537.36 (KHTML, like Gecko) Chrome/100.0.4896.88 Safari/537.36', '2022-04-19 13:26:10'),
(25, 2, 35, 'Mozilla/5.0 (Windows NT 10.0; Win64; x64) AppleWebKit/537.36 (KHTML, like Gecko) Chrome/100.0.4896.88 Safari/537.36', '2022-04-16 13:26:13'),
(26, 2, 50, 'Mozilla/5.0 (Windows NT 10.0; Win64; x64) AppleWebKit/537.36 (KHTML, like Gecko) Chrome/100.0.4896.88 Safari/537.36', '2022-04-20 13:26:18'),
(27, 0, 50, 'Mozilla/5.0 (Windows NT 10.0; Win64; x64) AppleWebKit/537.36 (KHTML, like Gecko) Chrome/100.0.4896.88 Safari/537.36', '2022-04-19 13:26:32'),
(28, 0, 40, 'Mozilla/5.0 (Windows NT 10.0; Win64; x64) AppleWebKit/537.36 (KHTML, like Gecko) Chrome/100.0.4896.88 Safari/537.36', '2022-04-18 13:26:35'),
(29, 0, 35, 'Mozilla/5.0 (Windows NT 10.0; Win64; x64) AppleWebKit/537.36 (KHTML, like Gecko) Chrome/100.0.4896.88 Safari/537.36', '2022-04-17 13:26:37'),
(30, 2, 50, 'Mozilla/5.0 (Windows NT 10.0; Win64; x64) AppleWebKit/537.36 (KHTML, like Gecko) Chrome/100.0.4896.88 Safari/537.36', '2022-04-20 03:51:46'),
(31, 2, 48, 'Mozilla/5.0 (Windows NT 10.0; Win64; x64) AppleWebKit/537.36 (KHTML, like Gecko) Chrome/100.0.4896.127 Safari/537.36', '2022-04-21 08:19:37'),
(32, 2, 45, 'Mozilla/5.0 (Windows NT 10.0; Win64; x64) AppleWebKit/537.36 (KHTML, like Gecko) Chrome/100.0.4896.127 Safari/537.36', '2022-04-15 08:19:40'),
(33, 2, 48, 'Mozilla/5.0 (Windows NT 10.0; Win64; x64) AppleWebKit/537.36 (KHTML, like Gecko) Chrome/100.0.4896.127 Safari/537.36', '2022-04-21 08:19:43'),
(34, 2, 42, 'Mozilla/5.0 (Windows NT 10.0; Win64; x64) AppleWebKit/537.36 (KHTML, like Gecko) Chrome/100.0.4896.127 Safari/537.36', '2022-04-21 08:19:48'),
(35, 2, 44, 'Mozilla/5.0 (Windows NT 10.0; Win64; x64) AppleWebKit/537.36 (KHTML, like Gecko) Chrome/100.0.4896.127 Safari/537.36', '2022-04-18 08:19:53'),
(36, 2, 44, 'Mozilla/5.0 (Windows NT 10.0; Win64; x64) AppleWebKit/537.36 (KHTML, like Gecko) Chrome/100.0.4896.127 Safari/537.36', '2022-04-21 08:19:57'),
(37, 2, 37, 'Mozilla/5.0 (Windows NT 10.0; Win64; x64) AppleWebKit/537.36 (KHTML, like Gecko) Chrome/100.0.4896.127 Safari/537.36', '2022-04-15 08:20:03'),
(38, 2, 22, 'Mozilla/5.0 (Windows NT 10.0; Win64; x64) AppleWebKit/537.36 (KHTML, like Gecko) Chrome/100.0.4896.127 Safari/537.36', '2022-04-15 08:20:10'),
(39, 2, 50, 'Mozilla/5.0 (Windows NT 10.0; Win64; x64) AppleWebKit/537.36 (KHTML, like Gecko) Chrome/100.0.4896.127 Safari/537.36', '2022-04-21 14:09:38'),
(40, 2, 29, 'Mozilla/5.0 (Windows NT 10.0; Win64; x64) AppleWebKit/537.36 (KHTML, like Gecko) Chrome/100.0.4896.127 Safari/537.36', '2022-04-21 14:09:47'),
(41, 2, 43, 'Mozilla/5.0 (Windows NT 10.0; Win64; x64) AppleWebKit/537.36 (KHTML, like Gecko) Chrome/100.0.4896.127 Safari/537.36', '2022-04-21 14:09:52'),
(42, 2, 32, 'Mozilla/5.0 (Windows NT 10.0; Win64; x64) AppleWebKit/537.36 (KHTML, like Gecko) Chrome/100.0.4896.127 Safari/537.36', '2022-04-21 14:09:55'),
(43, 2, 50, 'Mozilla/5.0 (Windows NT 10.0; Win64; x64) AppleWebKit/537.36 (KHTML, like Gecko) Chrome/101.0.4951.41 Safari/537.36', '2022-04-30 12:43:26'),
(44, 2, 70, 'Mozilla/5.0 (Windows NT 10.0; Win64; x64) AppleWebKit/537.36 (KHTML, like Gecko) Chrome/101.0.4951.41 Safari/537.36', '2022-04-30 12:43:32'),
(45, 2, 50, 'Mozilla/5.0 (Windows NT 10.0; Win64; x64) AppleWebKit/537.36 (KHTML, like Gecko) Chrome/101.0.4951.41 Safari/537.36', '2022-04-30 12:43:50'),
(46, 2, 40, 'Mozilla/5.0 (Windows NT 10.0; Win64; x64) AppleWebKit/537.36 (KHTML, like Gecko) Chrome/101.0.4951.41 Safari/537.36', '2022-04-30 12:43:54'),
(47, 2, 49, 'Mozilla/5.0 (Windows NT 10.0; Win64; x64) AppleWebKit/537.36 (KHTML, like Gecko) Chrome/101.0.4951.41 Safari/537.36', '2022-04-30 12:44:01'),
(48, 2, 48, 'Mozilla/5.0 (Windows NT 10.0; Win64; x64) AppleWebKit/537.36 (KHTML, like Gecko) Chrome/101.0.4951.41 Safari/537.36', '2022-04-30 12:44:06'),
(49, 2, 47, 'Mozilla/5.0 (Windows NT 10.0; Win64; x64) AppleWebKit/537.36 (KHTML, like Gecko) Chrome/101.0.4951.41 Safari/537.36', '2022-04-30 12:44:11'),
(50, 2, 44, 'Mozilla/5.0 (Windows NT 10.0; Win64; x64) AppleWebKit/537.36 (KHTML, like Gecko) Chrome/101.0.4951.41 Safari/537.36', '2022-04-30 12:45:17'),
(51, 2, 20, 'Mozilla/5.0 (Windows NT 10.0; Win64; x64) AppleWebKit/537.36 (KHTML, like Gecko) Chrome/101.0.4951.41 Safari/537.36', '2022-04-30 12:45:21'),
(52, 2, 22, 'Mozilla/5.0 (Windows NT 10.0; Win64; x64) AppleWebKit/537.36 (KHTML, like Gecko) Chrome/101.0.4951.41 Safari/537.36', '2022-04-30 12:45:28'),
(53, 5, 50, 'Mozilla/5.0 (Windows NT 10.0; Win64; x64) AppleWebKit/537.36 (KHTML, like Gecko) Chrome/105.0.0.0 Safari/537.36', '2022-09-08 12:12:53'),
(54, 5, 40, 'Mozilla/5.0 (Windows NT 10.0; Win64; x64) AppleWebKit/537.36 (KHTML, like Gecko) Chrome/105.0.0.0 Safari/537.36', '2022-09-08 12:12:58'),
(55, 2, 38, 'Mozilla/5.0 (Windows NT 10.0; Win64; x64) AppleWebKit/537.36 (KHTML, like Gecko) Chrome/106.0.0.0 Safari/537.36', '2022-10-01 08:21:29'),
(56, 2, 50, 'Mozilla/5.0 (Windows NT 10.0; Win64; x64) AppleWebKit/537.36 (KHTML, like Gecko) Chrome/106.0.0.0 Safari/537.36', '2022-10-01 08:23:13'),
(57, 2, 40, 'Mozilla/5.0 (Windows NT 10.0; Win64; x64) AppleWebKit/537.36 (KHTML, like Gecko) Chrome/106.0.0.0 Safari/537.36', '2022-10-01 08:23:23'),
(58, 2, 35, 'Mozilla/5.0 (Windows NT 10.0; Win64; x64) AppleWebKit/537.36 (KHTML, like Gecko) Chrome/106.0.0.0 Safari/537.36', '2022-10-01 08:23:25'),
(59, 2, 40, 'Mozilla/5.0 (Windows NT 10.0; Win64; x64) AppleWebKit/537.36 (KHTML, like Gecko) Chrome/106.0.0.0 Safari/537.36', '2022-10-01 08:23:42');

--
-- Indexes for dumped tables
--

--
-- Indexes for table `ads`
--
ALTER TABLE `ads`
  ADD PRIMARY KEY (`id`);

--
-- Indexes for table `category`
--
ALTER TABLE `category`
  ADD PRIMARY KEY (`id`);

--
-- Indexes for table `posts`
--
ALTER TABLE `posts`
  ADD PRIMARY KEY (`id`);

--
-- Indexes for table `transition`
--
ALTER TABLE `transition`
  ADD PRIMARY KEY (`id`);

--
-- Indexes for table `users`
--
ALTER TABLE `users`
  ADD PRIMARY KEY (`id`);

--
-- Indexes for table `viewers`
--
ALTER TABLE `viewers`
  ADD PRIMARY KEY (`id`);

--
-- AUTO_INCREMENT for dumped tables
--

--
-- AUTO_INCREMENT for table `ads`
--
ALTER TABLE `ads`
  MODIFY `id` int(11) NOT NULL AUTO_INCREMENT, AUTO_INCREMENT=3;

--
-- AUTO_INCREMENT for table `category`
--
ALTER TABLE `category`
  MODIFY `id` int(11) NOT NULL AUTO_INCREMENT, AUTO_INCREMENT=10;

--
-- AUTO_INCREMENT for table `posts`
--
ALTER TABLE `posts`
  MODIFY `id` int(11) NOT NULL AUTO_INCREMENT, AUTO_INCREMENT=55;

--
-- AUTO_INCREMENT for table `transition`
--
ALTER TABLE `transition`
  MODIFY `id` int(11) NOT NULL AUTO_INCREMENT, AUTO_INCREMENT=11;

--
-- AUTO_INCREMENT for table `users`
--
ALTER TABLE `users`
  MODIFY `id` int(11) NOT NULL AUTO_INCREMENT, AUTO_INCREMENT=9;

--
-- AUTO_INCREMENT for table `viewers`
--
ALTER TABLE `viewers`
  MODIFY `id` int(11) NOT NULL AUTO_INCREMENT, AUTO_INCREMENT=60;
COMMIT;

/*!40101 SET CHARACTER_SET_CLIENT=@OLD_CHARACTER_SET_CLIENT */;
/*!40101 SET CHARACTER_SET_RESULTS=@OLD_CHARACTER_SET_RESULTS */;
/*!40101 SET COLLATION_CONNECTION=@OLD_COLLATION_CONNECTION */;
